epoch,time,train/box_loss,train/cls_loss,train/dfl_loss,metrics/precision(B),metrics/recall(B),metrics/mAP50(B),metrics/mAP50-95(B),val/box_loss,val/cls_loss,val/dfl_loss,lr/pg0,lr/pg1,lr/pg2
1,302.374,2.02628,4.78853,1.99851,0.93971,0.1,0.13747,0.12082,0.7822,3.47998,0.93103,0.00014,0.00014,0.00014
2,478.059,1.31882,2.40362,1.11932,0.79394,0.3,0.33964,0.22422,1.34141,6.2161,1.19214,0.00029901,0.00029901,0.00029901
3,2028.1,1.42329,2.00072,1.20719,0.58175,0.55666,0.54706,0.3501,1.48695,3.0949,1.49625,0.000456964,0.000456964,0.000456964
4,2119.82,1.37935,1.53412,1.20534,0.00134,0.05,0.00514,0.00149,nan,nan,nan,0.000613862,0.000613862,0.000613862
5,2207.25,1.36803,1.534,1.19995,0,0,0,0,nan,nan,nan,0.000769704,0.000769704,0.000769704
6,2627.41,1.43149,1.55673,1.2142,0,0,0,0,nan,nan,nan,0.00092449,0.00092449,0.00092449
7,2722.64,1.40989,1.47498,1.29499,0,0,0,0,nan,nan,nan,0.00107822,0.00107822,0.00107822
8,2821.16,1.48869,1.58774,1.23314,0,0,0,0,nan,nan,nan,0.00123089,0.00123089,0.00123089
9,3652.29,1.51808,1.2973,1.30511,0,0,0,0,nan,nan,nan,0.00138251,0.00138251,0.00138251
10,3731.18,1.6113,1.24161,1.35515,0,0,0,0,nan,nan,nan,0.00153307,0.00153307,0.00153307
11,3811.12,1.63537,1.49321,1.43726,0,0,0,0,nan,nan,nan,0.00168258,0.00168258,0.00168258
12,3996.35,1.54923,1.34892,1.33383,0,0,0,0,nan,nan,nan,0.00183103,0.00183103,0.00183103
13,4097.98,1.69839,1.65883,1.39098,0,0,0,0,nan,nan,nan,0.0019208,0.0019208,0.0019208
14,4200.71,1.63833,1.38163,1.38235,0,0,0,0,nan,nan,nan,0.0019142,0.0019142,0.0019142
15,4304.13,1.67995,1.30478,1.41278,0,0,0,0,nan,nan,nan,0.0019076,0.0019076,0.0019076
16,4409.32,1.47833,1.24849,1.24972,0,0,0,0,nan,nan,nan,0.001901,0.001901,0.001901
17,4525.15,1.47863,1.08136,1.28617,0.54902,0.1,0.08627,0.04739,nan,nan,nan,0.0018944,0.0018944,0.0018944
18,4622,1.44102,1.11244,1.29221,0,0,0,0,nan,nan,nan,0.0018878,0.0018878,0.0018878
19,4733.19,1.49363,1.1485,1.24284,0.31309,0.3,0.22724,0.10793,nan,nan,nan,0.0018812,0.0018812,0.0018812
20,4879.24,1.40625,1.06652,1.26207,0.05702,0.3,0.06998,0.03342,nan,nan,nan,0.0018746,0.0018746,0.0018746
21,4961.31,1.52015,1.16798,1.27235,0.44406,0.45,0.37251,0.15116,2.01296,5.36438,2.47297,0.001868,0.001868,0.001868
22,5339.14,1.45346,1.06094,1.16489,0.56577,0.45635,0.48626,0.29127,1.28331,5.61711,1.39146,0.0018614,0.0018614,0.0018614
23,5651.22,1.41022,1.06964,1.24391,0.41137,0.6,0.42297,0.26346,1.431,2.62573,1.3846,0.0018548,0.0018548,0.0018548
24,5802.2,1.39431,0.99771,1.20811,0.92667,0.63266,0.70884,0.4656,1.13711,3.16811,1.27104,0.0018482,0.0018482,0.0018482
25,7530.01,1.33073,1.01318,1.15964,0.72195,0.5,0.62813,0.39062,1.31211,2.75871,1.22944,0.0018416,0.0018416,0.0018416
26,7602.87,1.37733,0.94975,1.18922,0.84845,0.35,0.50689,0.28502,1.49984,3.12777,1.24453,0.001835,0.001835,0.001835
27,8226.47,1.2062,0.83952,1.11192,0.59793,0.65,0.63798,0.34307,1.48627,2.64032,1.46858,0.0018284,0.0018284,0.0018284
28,10197.9,1.14948,0.84624,1.06602,0.92149,0.65,0.7156,0.47252,1.1538,1.92022,1.27451,0.0018218,0.0018218,0.0018218
29,10288.9,1.272,0.88142,1.15031,0.83645,0.55,0.653,0.4331,1.35137,2.34738,1.42055,0.0018152,0.0018152,0.0018152
30,10373.3,1.19306,0.87589,1.13686,0.77853,0.6,0.63562,0.39901,1.37429,1.30185,1.2769,0.0018086,0.0018086,0.0018086
31,10947.5,1.32228,0.9441,1.12275,1,0.59352,0.67813,0.38226,1.51953,1.41217,1.32972,0.001802,0.001802,0.001802
32,11031.6,1.28373,0.86196,1.1097,0.65716,0.57577,0.61551,0.33402,1.40788,1.5738,1.3138,0.0017954,0.0017954,0.0017954
33,11117.8,1.22776,0.82681,1.1567,0.69899,0.55,0.61638,0.41986,1.22354,1.79467,1.3037,0.0017888,0.0017888,0.0017888
34,11242.9,1.14234,0.83638,1.11875,0.79966,0.6,0.64757,0.41973,1.47143,2.83257,1.34922,0.0017822,0.0017822,0.0017822
35,11393,1.12867,0.80055,1.07742,0.83378,0.6,0.69671,0.45038,1.24199,1.48529,1.24175,0.0017756,0.0017756,0.0017756
36,11930.8,1.12395,0.77747,1.10174,0.68704,0.75,0.76313,0.52692,1.18953,1.43081,1.12074,0.001769,0.001769,0.001769
37,12124.9,1.06127,0.74186,1.0342,0.76433,0.65,0.69301,0.44725,1.39981,1.33198,1.19438,0.0017624,0.0017624,0.0017624
38,12232.7,1.05309,0.76199,1.06062,0.92175,0.58969,0.6625,0.46313,1.2859,1.37187,1.18052,0.0017558,0.0017558,0.0017558
39,12342.7,1.07724,0.72931,1.04342,0.9147,0.537,0.61162,0.44055,1.36108,1.28308,1.22563,0.0017492,0.0017492,0.0017492
40,12469.1,1.03233,0.69523,1.07462,0.79996,0.79982,0.79325,0.55172,1.18532,0.99518,1.19677,0.0017426,0.0017426,0.0017426
41,12860.4,1.03899,0.726,1.12066,0.8406,0.8,0.78219,0.45877,1.39387,1.32408,1.31482,0.001736,0.001736,0.001736
42,12950.5,1.14374,0.75396,1.11866,0.7753,0.75,0.72253,0.41453,1.56651,1.45486,1.32475,0.0017294,0.0017294,0.0017294
43,13045,1.15091,0.82918,1.11319,0.82763,0.7209,0.74549,0.43936,1.48438,1.44024,1.46995,0.0017228,0.0017228,0.0017228
44,13419.3,1.18065,0.80642,1.13434,0.78588,0.8,0.80599,0.52921,1.17821,0.87288,1.13184,0.0017162,0.0017162,0.0017162
45,13493.8,1.19477,0.83334,1.08772,0.92528,0.75,0.82272,0.59126,1.06215,0.78512,1.08042,0.0017096,0.0017096,0.0017096
46,13566.9,1.13487,0.77415,1.08825,0.9378,0.75403,0.85779,0.60504,1.07063,0.71973,1.05163,0.001703,0.001703,0.001703
47,13955.9,1.0701,0.75073,1.05583,1,0.7787,0.79788,0.55018,1.12815,0.98328,1.14203,0.0016964,0.0016964,0.0016964
48,14029.8,1.04452,0.74867,1.08071,0.97906,0.8,0.79737,0.57087,1.08244,1.07114,1.16685,0.0016898,0.0016898,0.0016898
49,14105.3,1.0214,0.73962,1.03942,0.93679,0.74147,0.83359,0.52452,1.05197,0.84925,1.09354,0.0016832,0.0016832,0.0016832
50,14479.2,1.00684,0.67311,0.99797,0.9355,0.8,0.79398,0.4753,1.39363,1.03968,1.35587,0.0016766,0.0016766,0.0016766
51,14556,1.07962,0.74379,1.03439,0.92788,0.8,0.80874,0.50575,1.19415,1.15534,1.21132,0.00167,0.00167,0.00167
52,14631.8,1.08053,0.76664,1.05177,0.971,0.55,0.74055,0.46831,1.18781,1.28165,1.20443,0.0016634,0.0016634,0.0016634
53,15011.6,1.11953,0.78221,1.07037,0.81103,0.65,0.71041,0.49885,1.10955,1.16269,1.18965,0.0016568,0.0016568,0.0016568
54,15098.1,1.02463,0.72797,1.03529,0.8223,0.8,0.75831,0.56277,1.03842,1.04612,1.1037,0.0016502,0.0016502,0.0016502
55,15186.4,1.07185,0.77121,1.02483,0.83898,0.78219,0.77704,0.52617,1.09856,1.03602,1.1283,0.0016436,0.0016436,0.0016436
56,15566.8,1.02775,0.7209,1.03905,0.88118,0.742,0.71692,0.47522,1.21731,1.16562,1.12977,0.001637,0.001637,0.001637
57,15759.2,1.01778,0.72258,1.01083,0.83844,0.8,0.76644,0.48611,1.29988,1.22568,1.20649,0.0016304,0.0016304,0.0016304
58,16141.3,1.08459,0.77826,1.08653,0.96205,0.65,0.74565,0.54074,1.06578,2.28911,1.07818,0.0016238,0.0016238,0.0016238
59,16312.5,1.01372,0.76495,1.05391,0.80377,0.75,0.77553,0.57008,1.12693,1.95682,1.14879,0.0016172,0.0016172,0.0016172
60,16695,0.95351,0.71651,0.9845,0.8832,0.65,0.7779,0.5472,1.18906,1.10096,1.1667,0.0016106,0.0016106,0.0016106
61,16783.3,0.96317,0.69505,0.98967,0.92911,0.65,0.75562,0.55913,1.03572,1.20251,1.11148,0.001604,0.001604,0.001604
62,16869,0.93231,0.6535,0.97405,0.98534,0.7,0.75136,0.57072,1.03656,1.06846,1.03629,0.0015974,0.0015974,0.0015974
63,17245.4,0.99269,0.76686,1.02858,0.93666,0.73997,0.80771,0.60896,0.95348,0.73643,0.98287,0.0015908,0.0015908,0.0015908
64,17328,0.93869,0.67013,0.95369,0.99214,0.7,0.80911,0.58618,0.96932,0.7714,0.97356,0.0015842,0.0015842,0.0015842
65,17411,0.86264,0.60852,0.97215,1,0.68522,0.78611,0.62943,0.87418,0.92238,0.97687,0.0015776,0.0015776,0.0015776
66,17518.5,0.9384,0.67209,0.98214,0.93111,0.75,0.8137,0.63397,0.89926,0.71041,0.96113,0.001571,0.001571,0.001571
67,17629.3,0.89237,0.63334,1.01964,0.94106,0.79848,0.86531,0.64706,0.93342,0.71058,1.01711,0.0015644,0.0015644,0.0015644
68,17720.9,0.90314,0.61551,0.99994,0.88262,0.75206,0.82989,0.67231,0.80129,0.78373,0.96105,0.0015578,0.0015578,0.0015578
69,18170.3,0.92033,0.65298,0.97749,0.88341,0.8,0.82449,0.59767,0.9794,0.89596,1.14463,0.0015512,0.0015512,0.0015512
70,18364.3,0.89131,0.61947,0.98015,0.99769,0.75,0.84017,0.57973,1.02866,0.72033,1.13181,0.0015446,0.0015446,0.0015446
71,18794.7,0.8902,0.60419,0.97139,0.94059,0.8,0.81323,0.6084,1.07217,0.80792,1.08319,0.001538,0.001538,0.001538
72,18865.6,0.87718,0.62204,0.97137,0.94384,0.84082,0.84776,0.64249,0.97036,0.8448,1.10065,0.0015314,0.0015314,0.0015314
73,18938.6,0.88069,0.58127,0.96555,0.9938,0.7,0.83389,0.65188,0.99237,0.93108,1.09167,0.0015248,0.0015248,0.0015248
74,19047.8,0.83429,0.59537,0.93634,0.86711,0.8,0.83077,0.59677,1.04332,0.98209,1.12866,0.0015182,0.0015182,0.0015182
75,19165.7,0.85714,0.62589,1.00848,1,0.74199,0.80731,0.54399,1.10486,1.03819,1.18843,0.0015116,0.0015116,0.0015116
76,19575.1,0.88301,0.59274,0.995,0.93735,0.74816,0.78426,0.52962,1.15569,1.02115,1.16885,0.001505,0.001505,0.001505
77,19758.5,0.92199,0.60009,0.95689,0.97851,0.7,0.79096,0.57268,0.99671,0.80387,0.989,0.0014984,0.0014984,0.0014984
78,20208.2,0.93249,0.61978,0.9896,0.9527,0.8,0.85908,0.63976,0.90342,0.68569,0.95991,0.0014918,0.0014918,0.0014918
79,20282.4,0.89124,0.62034,0.97975,0.99388,0.8,0.85669,0.67302,0.8973,0.71319,0.94103,0.0014852,0.0014852,0.0014852
80,20356.1,0.84134,0.57566,0.94344,0.99342,0.8,0.84954,0.64969,0.98132,0.80325,0.97258,0.0014786,0.0014786,0.0014786
81,20809.7,0.87455,0.56689,0.97513,0.98672,0.8,0.85138,0.64167,0.93027,0.68034,0.99748,0.001472,0.001472,0.001472
82,20884.7,0.83344,0.57466,0.96862,1,0.78453,0.84671,0.6678,0.8713,0.6321,0.97043,0.0014654,0.0014654,0.0014654
83,20963.9,0.84709,0.55857,0.97232,0.97478,0.8,0.85151,0.66015,0.93372,0.7023,1.05125,0.0014588,0.0014588,0.0014588
84,21435.4,0.79869,0.5691,0.97124,0.88328,0.85,0.86066,0.6622,0.91664,0.75563,1.04093,0.0014522,0.0014522,0.0014522
85,21512,0.83845,0.57264,0.94224,0.99502,0.7,0.80018,0.59131,0.95875,0.85035,0.96955,0.0014456,0.0014456,0.0014456
86,21587.2,0.81311,0.57066,0.96358,1,0.74857,0.81704,0.60523,1.02694,0.93649,1.02344,0.001439,0.001439,0.001439
87,21994,0.83753,0.55853,0.99916,0.9333,0.8,0.85509,0.59539,0.90517,0.81972,0.99122,0.0014324,0.0014324,0.0014324
88,22070.8,0.83266,0.56403,0.98359,0.93411,0.8,0.81468,0.65828,0.85094,0.81265,0.98449,0.0014258,0.0014258,0.0014258
89,22150.5,0.85153,0.62133,1.00617,1,0.73655,0.81218,0.64711,0.87037,0.72258,1.00576,0.0014192,0.0014192,0.0014192
90,22652.1,0.84662,0.61036,1.01192,0.92296,0.8,0.80139,0.61203,0.99975,0.874,1.08065,0.0014126,0.0014126,0.0014126
91,22822.3,0.85434,0.56142,0.98375,0.92219,0.75,0.78092,0.58991,0.98314,0.96378,1.02835,0.001406,0.001406,0.001406
92,23222.5,0.85781,0.58814,0.95424,0.99477,0.7,0.77917,0.59322,0.99118,0.96604,1.03195,0.0013994,0.0013994,0.0013994
93,23301.1,0.76719,0.54503,0.93885,0.92991,0.75,0.80013,0.60445,1.02113,0.84516,1.07222,0.0013928,0.0013928,0.0013928
94,23378.5,0.87447,0.5691,0.97023,0.93655,0.73865,0.79797,0.57815,1.04278,0.84241,1.12178,0.0013862,0.0013862,0.0013862
95,23828.2,0.8491,0.57237,0.95143,0.92677,0.8,0.79951,0.60709,1.03749,0.82602,1.10584,0.0013796,0.0013796,0.0013796
96,23900,0.84883,0.58207,0.9584,1,0.74941,0.79516,0.59208,0.97218,0.84212,1.10087,0.001373,0.001373,0.001373
97,23974.7,0.93449,0.64833,1.00747,0.9867,0.8,0.80416,0.59452,0.97223,0.8836,1.07484,0.0013664,0.0013664,0.0013664
98,24430.5,0.83924,0.56031,0.96853,0.98984,0.8,0.81432,0.59519,1.03198,0.79921,0.97554,0.0013598,0.0013598,0.0013598
99,24506.6,0.83486,0.5698,0.9662,0.9798,0.8,0.81364,0.61632,0.91102,0.67364,0.97609,0.0013532,0.0013532,0.0013532
100,24582.9,0.86884,0.58668,0.93487,0.93118,0.85,0.84882,0.63367,0.84593,0.68304,0.99234,0.0013466,0.0013466,0.0013466
101,25053.6,0.86112,0.59564,0.96523,1,0.84835,0.85121,0.68117,0.80766,0.69328,1.03737,0.00134,0.00134,0.00134
102,25129.4,0.86707,0.58475,0.97446,0.97855,0.8,0.84788,0.64682,0.91523,0.74591,1.01029,0.0013334,0.0013334,0.0013334
103,25208,0.77549,0.53624,0.95517,0.93293,0.8,0.84798,0.64809,0.88868,0.7462,0.99891,0.0013268,0.0013268,0.0013268
104,25660.2,0.76916,0.50097,0.95892,0.94407,0.84421,0.8529,0.64453,0.92998,0.71495,1.02268,0.0013202,0.0013202,0.0013202
105,25742.1,0.74879,0.51623,0.94903,0.94442,0.84962,0.85723,0.70321,0.80137,0.5751,0.95917,0.0013136,0.0013136,0.0013136
106,25823.6,0.74326,0.5282,0.92091,0.98813,0.75,0.82316,0.63107,0.89735,0.76166,1.0063,0.001307,0.001307,0.001307
107,26278.9,0.77525,0.53436,0.94101,0.94046,0.79032,0.8286,0.65417,0.89519,0.83554,0.9923,0.0013004,0.0013004,0.0013004
108,26352.1,0.8483,0.56547,0.97597,0.97773,0.75,0.80303,0.64951,0.9445,0.85293,1.00325,0.0012938,0.0012938,0.0012938
109,26429.4,0.77789,0.54658,0.93913,0.99326,0.75,0.77208,0.63246,0.86189,0.74606,0.97284,0.0012872,0.0012872,0.0012872
110,26875.1,0.75502,0.52076,0.95475,0.9914,0.75,0.77,0.64093,0.82832,0.76206,0.9624,0.0012806,0.0012806,0.0012806
111,26957.1,0.71055,0.51219,0.90209,1,0.79507,0.85481,0.65678,0.8415,0.67133,0.9446,0.001274,0.001274,0.001274
112,27039.4,0.72996,0.49652,0.92506,0.99469,0.8,0.85285,0.63702,0.96562,0.71804,0.95565,0.0012674,0.0012674,0.0012674
113,27489.3,0.75446,0.52449,0.92799,0.941,0.79753,0.85457,0.67006,0.87491,0.67618,0.94429,0.0012608,0.0012608,0.0012608
114,27563.5,0.75898,0.51032,0.90257,1,0.7987,0.85486,0.66039,0.92141,0.71277,0.94828,0.0012542,0.0012542,0.0012542
115,27640.9,0.74497,0.49991,0.9342,0.92922,0.8,0.84259,0.65877,0.89149,0.73744,0.95923,0.0012476,0.0012476,0.0012476
116,28071.6,0.72783,0.51005,0.93144,0.97524,0.75,0.82049,0.65067,0.88749,0.64554,0.99629,0.001241,0.001241,0.001241
117,28148.2,0.71211,0.51316,0.91518,0.98555,0.85,0.89514,0.65953,0.88483,0.57303,1.04052,0.0012344,0.0012344,0.0012344
118,28224.7,0.69908,0.48492,0.94372,0.93693,0.8,0.87048,0.63387,0.94301,0.63582,1.03474,0.0012278,0.0012278,0.0012278
119,28684,0.73136,0.48414,0.92836,0.88859,0.79771,0.8295,0.65962,0.8558,0.70497,0.99357,0.0012212,0.0012212,0.0012212
120,28760.2,0.79879,0.54348,0.95573,0.97373,0.75,0.83271,0.67611,0.85149,0.65017,1.00826,0.0012146,0.0012146,0.0012146
121,28840,0.73699,0.49352,0.8943,0.94253,0.85,0.87203,0.67902,0.8306,0.67287,0.9639,0.001208,0.001208,0.001208
122,28948.4,0.78425,0.54575,0.94776,0.88471,0.8,0.84313,0.64202,0.87082,0.73848,0.96625,0.0012014,0.0012014,0.0012014
123,29059,0.72561,0.51806,0.90898,0.98594,0.8,0.88232,0.65001,0.8308,0.70835,0.96646,0.0011948,0.0011948,0.0011948
124,29516.6,0.70432,0.52261,0.95596,1,0.83473,0.89401,0.66834,0.81997,0.61708,0.93369,0.0011882,0.0011882,0.0011882
125,29963.1,0.75052,0.50254,0.91898,0.93462,0.9,0.89994,0.67298,0.82431,0.62791,0.91475,0.0011816,0.0011816,0.0011816
126,30039,0.67893,0.49493,0.9153,0.93658,0.85,0.88336,0.66863,0.89157,0.5653,0.91993,0.001175,0.001175,0.001175
127,30117.3,0.70122,0.47715,0.8894,0.99179,0.85,0.86159,0.67989,0.93423,0.78555,0.94994,0.0011684,0.0011684,0.0011684
128,30566.2,0.73574,0.54931,0.92724,1,0.84044,0.86443,0.63292,0.95773,0.85425,0.96718,0.0011618,0.0011618,0.0011618
129,30645,0.68552,0.47183,0.89736,0.99749,0.8,0.8006,0.60862,0.96648,0.84027,0.98913,0.0011552,0.0011552,0.0011552
130,30722.2,0.70089,0.51008,0.92423,0.93413,0.8,0.79648,0.59131,0.97871,0.82153,1.01625,0.0011486,0.0011486,0.0011486
131,31113.5,0.66634,0.5178,0.90524,0.88229,0.8,0.82369,0.62989,0.87781,0.62208,1.00442,0.001142,0.001142,0.001142
132,31187.5,0.6747,0.47171,0.89798,0.83535,0.8,0.79002,0.60685,0.93321,0.67262,1.04196,0.0011354,0.0011354,0.0011354
133,31265,0.75969,0.53293,0.9482,0.85596,0.89173,0.86937,0.64373,0.88779,0.68855,0.99802,0.0011288,0.0011288,0.0011288
134,31370.2,0.68308,0.47784,0.89229,1,0.8922,0.90638,0.65935,0.88002,0.69498,0.97663,0.0011222,0.0011222,0.0011222
135,31479.2,0.73,0.4899,0.92651,1,0.85011,0.90803,0.67434,0.89203,0.67364,0.96646,0.0011156,0.0011156,0.0011156
136,32099.3,0.74351,0.47151,0.89534,0.89338,0.83843,0.8877,0.67133,0.89278,0.61984,0.95587,0.001109,0.001109,0.001109
137,32567.5,0.6725,0.45923,0.90248,0.8939,0.84286,0.84732,0.64313,0.84375,0.64517,0.95194,0.0011024,0.0011024,0.0011024
138,32638.1,0.7351,0.52629,0.93199,0.93735,0.85,0.88078,0.63447,0.92589,0.67174,0.94407,0.0010958,0.0010958,0.0010958
139,32711.3,0.70087,0.46399,0.92589,1,0.78489,0.80854,0.61681,0.86203,0.60788,0.95107,0.0010892,0.0010892,0.0010892
140,33145.3,0.69292,0.47224,0.89177,0.99115,0.8,0.82177,0.68085,0.78264,0.53889,0.93384,0.0010826,0.0010826,0.0010826
141,33233,0.67748,0.44401,0.86007,1,0.84921,0.90221,0.71438,0.77558,0.5513,0.90121,0.001076,0.001076,0.001076
142,33316.8,0.59393,0.43132,0.8655,1,0.84289,0.89541,0.6656,0.81599,0.59542,0.89614,0.0010694,0.0010694,0.0010694
143,33721.7,0.68135,0.4672,0.89912,1,0.74896,0.8645,0.66681,0.757,0.62533,0.88646,0.0010628,0.0010628,0.0010628
144,33793.9,0.66291,0.43732,0.88354,0.93655,0.8,0.85314,0.65507,0.9146,0.77465,0.97175,0.0010562,0.0010562,0.0010562
145,33869.2,0.67102,0.45533,0.89847,0.89413,0.84483,0.84082,0.63942,0.87542,0.76461,0.98557,0.0010496,0.0010496,0.0010496
146,34274,0.76608,0.49592,0.95734,0.86809,0.75,0.82667,0.63785,0.85167,0.7734,0.96115,0.001043,0.001043,0.001043
147,34351.9,0.66457,0.44608,0.87186,0.87197,0.8,0.83672,0.64189,0.83466,0.71533,0.92782,0.0010364,0.0010364,0.0010364
148,34430.2,0.6898,0.43229,0.9306,0.93468,0.8,0.84263,0.66518,0.79773,0.62679,0.90843,0.0010298,0.0010298,0.0010298
149,34878.8,0.64644,0.46204,0.8892,0.9405,0.79077,0.85955,0.66395,0.76684,0.60609,0.89639,0.0010232,0.0010232,0.0010232
150,34951.1,0.63186,0.44188,0.89712,0.84397,0.85,0.86595,0.68611,0.7223,0.62854,0.88941,0.0010166,0.0010166,0.0010166
151,35026.1,0.63321,0.44383,0.92124,0.84356,0.9,0.88506,0.71698,0.66716,0.55273,0.87431,0.00101,0.00101,0.00101
152,35426.9,0.59962,0.41474,0.88794,1,0.74448,0.87877,0.69881,0.71457,0.55381,0.88423,0.0010034,0.0010034,0.0010034
153,35502.3,0.63855,0.45031,0.89055,0.93689,0.74271,0.84285,0.65397,0.85584,0.73023,0.93476,0.0009968,0.0009968,0.0009968
154,35578.5,0.71799,0.49241,0.91232,0.8487,0.84174,0.84507,0.65163,0.87701,0.74008,0.93856,0.0009902,0.0009902,0.0009902
155,36048.1,0.6125,0.4335,0.87281,0.89276,0.83313,0.86365,0.65532,0.8558,0.63819,0.91643,0.0009836,0.0009836,0.0009836
156,36126.2,0.63745,0.46479,0.91924,0.84929,0.84552,0.85706,0.64745,0.83027,0.68351,0.92036,0.000977,0.000977,0.000977
157,36207.9,0.65806,0.46158,0.87415,0.88681,0.85,0.89734,0.65403,0.90107,0.58336,0.94388,0.0009704,0.0009704,0.0009704
158,36620.4,0.70118,0.47067,0.92301,0.93677,0.85,0.9005,0.66166,0.88647,0.56385,0.95758,0.0009638,0.0009638,0.0009638
159,36799.3,0.60355,0.42785,0.89366,0.94217,0.85,0.90743,0.70311,0.82365,0.54457,0.94945,0.0009572,0.0009572,0.0009572
160,37192.7,0.56299,0.42754,0.88396,0.91215,0.85,0.90917,0.74294,0.7559,0.56942,0.93509,0.0009506,0.0009506,0.0009506
161,37267.9,0.63965,0.42968,0.88758,0.89829,0.88377,0.90694,0.72702,0.74859,0.58119,0.92146,0.000944,0.000944,0.000944
162,37339.2,0.64136,0.46453,0.89214,0.94021,0.85,0.91413,0.70479,0.82343,0.62192,0.94128,0.0009374,0.0009374,0.0009374
163,37804.6,0.66652,0.42547,0.89224,1,0.84576,0.88887,0.70443,0.84402,0.71629,0.95851,0.0009308,0.0009308,0.0009308
164,37895.5,0.61283,0.43806,0.88664,1,0.79488,0.83808,0.69714,0.83732,0.99172,0.96582,0.0009242,0.0009242,0.0009242
165,37987.9,0.60024,0.43846,0.88864,0.9982,0.8,0.85436,0.66091,0.86635,0.88208,0.97548,0.0009176,0.0009176,0.0009176
166,38442.7,0.62868,0.43321,0.90498,0.93992,0.85,0.87873,0.70528,0.81999,0.60984,0.91133,0.000911,0.000911,0.000911
167,38619.9,0.61137,0.42856,0.87843,0.89808,0.9,0.89514,0.68971,0.77836,0.61745,0.90991,0.0009044,0.0009044,0.0009044
168,39072.6,0.60518,0.38948,0.89189,0.94082,0.9,0.90112,0.71943,0.77829,0.61827,0.92013,0.0008978,0.0008978,0.0008978
169,39146.1,0.64359,0.43797,0.91879,0.93798,0.85,0.90376,0.69998,0.77951,0.52159,0.94742,0.0008912,0.0008912,0.0008912
170,39219,0.60333,0.4257,0.91755,0.94137,0.85,0.86787,0.69941,0.78789,0.69807,0.94642,0.0008846,0.0008846,0.0008846
171,39660.9,0.5839,0.40812,0.89789,0.92836,0.75,0.82973,0.67589,0.75737,0.76401,0.94799,0.000878,0.000878,0.000878
172,39845.2,0.59523,0.41292,0.87939,0.91944,0.75,0.81992,0.66767,0.8205,0.84247,0.98215,0.0008714,0.0008714,0.0008714
173,40298.6,0.59538,0.40134,0.88122,0.92169,0.8,0.84776,0.65944,0.83099,0.71458,0.97157,0.0008648,0.0008648,0.0008648
174,40372.3,0.57525,0.40782,0.87397,0.89459,0.84873,0.8525,0.67429,0.77622,0.56876,0.93756,0.0008582,0.0008582,0.0008582
175,40449,0.59691,0.48765,0.88728,0.89941,0.89437,0.88782,0.69303,0.75724,0.54916,0.91611,0.0008516,0.0008516,0.0008516
176,40906.3,0.58815,0.4184,0.88626,0.89342,0.9,0.88376,0.70801,0.70657,0.58073,0.89265,0.000845,0.000845,0.000845
177,40989,0.61082,0.42626,0.89254,0.88231,0.85,0.87804,0.71757,0.72762,0.58549,0.90897,0.0008384,0.0008384,0.0008384
178,41069.7,0.60855,0.42513,0.89683,0.94069,0.79338,0.87142,0.71521,0.73064,0.59615,0.90103,0.0008318,0.0008318,0.0008318
179,41512.7,0.5877,0.41525,0.86369,0.87498,0.85,0.86903,0.71622,0.76592,0.58907,0.91592,0.0008252,0.0008252,0.0008252
180,41584.3,0.55531,0.40765,0.8819,0.94183,0.9,0.89729,0.70255,0.75852,0.58309,0.90889,0.0008186,0.0008186,0.0008186
181,41657.9,0.55271,0.41407,0.86911,0.94378,0.83988,0.89584,0.69665,0.75117,0.54508,0.89951,0.000812,0.000812,0.000812
182,42105.8,0.58572,0.40812,0.91515,1,0.74659,0.88244,0.6807,0.76788,0.64646,0.88854,0.0008054,0.0008054,0.0008054
183,42185.9,0.57038,0.41279,0.88192,0.9905,0.75,0.88317,0.68453,0.7826,0.62299,0.89195,0.0007988,0.0007988,0.0007988
184,42267.4,0.62356,0.43151,0.90297,0.92371,0.75,0.87557,0.69101,0.7786,0.57518,0.88948,0.0007922,0.0007922,0.0007922
185,42378.6,0.60009,0.41905,0.87298,0.83802,0.85,0.88087,0.70097,0.77278,0.54327,0.90212,0.0007856,0.0007856,0.0007856
186,42490.8,0.64997,0.44927,0.93349,0.93703,0.8,0.90212,0.72666,0.77,0.49187,0.89668,0.000779,0.000779,0.000779
187,42611.1,0.66164,0.43346,0.93943,0.89074,0.9,0.91642,0.72525,0.81614,0.48761,0.89487,0.0007724,0.0007724,0.0007724
188,43006.9,0.60679,0.41636,0.8952,0.88915,0.9,0.91552,0.71139,0.78597,0.47893,0.89057,0.0007658,0.0007658,0.0007658
189,43087.5,0.60464,0.42721,0.8871,0.88891,0.9,0.91719,0.73204,0.75628,0.47127,0.88704,0.0007592,0.0007592,0.0007592
190,43165.8,0.56215,0.41145,0.88665,0.88639,0.85,0.91629,0.7425,0.73266,0.50232,0.88253,0.0007526,0.0007526,0.0007526
191,43635.3,0.62243,0.40193,0.88124,0.94434,0.84838,0.88541,0.7035,0.75163,0.59072,0.8813,0.000746,0.000746,0.000746
192,43711.5,0.5495,0.38189,0.85028,0.94388,0.84134,0.8816,0.69294,0.78215,0.58943,0.89474,0.0007394,0.0007394,0.0007394
193,43790,0.58366,0.39947,0.8611,0.9441,0.84469,0.88098,0.68874,0.76084,0.6701,0.89067,0.0007328,0.0007328,0.0007328
194,44260.7,0.58553,0.40719,0.90485,0.94441,0.84954,0.86068,0.68907,0.74904,0.68122,0.88476,0.0007262,0.0007262,0.0007262
195,44336,0.56627,0.4252,0.86101,0.93344,0.8,0.84636,0.68939,0.72754,0.75924,0.87975,0.0007196,0.0007196,0.0007196
196,44410.8,0.53884,0.37234,0.83741,0.93117,0.8,0.84503,0.70703,0.68846,0.69462,0.86196,0.000713,0.000713,0.000713
197,44875.6,0.55054,0.39681,0.85442,0.94157,0.85,0.87303,0.70295,0.67284,0.59269,0.86523,0.0007064,0.0007064,0.0007064
198,45062.8,0.57391,0.41093,0.8705,0.89042,0.9,0.89436,0.71661,0.68547,0.5182,0.87349,0.0006998,0.0006998,0.0006998
199,45517.2,0.58009,0.41415,0.88243,0.94272,0.9,0.89862,0.73642,0.62838,0.50165,0.87105,0.0006932,0.0006932,0.0006932
200,45629.1,0.51287,0.37299,0.88324,0.94422,0.9,0.90723,0.75523,0.61955,0.502,0.86914,0.0006866,0.0006866,0.0006866
201,45749,0.57027,0.40872,0.88303,0.94342,0.85,0.89552,0.71936,0.69498,0.52368,0.87527,0.00068,0.00068,0.00068
202,45852.8,0.61393,0.40985,0.89992,1,0.79961,0.89649,0.73961,0.72936,0.54208,0.878,0.0006734,0.0006734,0.0006734
203,45925.4,0.54852,0.39202,0.87102,0.88999,0.85,0.9021,0.71746,0.76771,0.55515,0.89217,0.0006668,0.0006668,0.0006668
204,45996.8,0.57539,0.39512,0.88632,0.9346,0.85,0.9057,0.71704,0.80324,0.5746,0.89549,0.0006602,0.0006602,0.0006602
205,46107.2,0.53777,0.38271,0.85784,0.89974,0.89755,0.90122,0.73636,0.72312,0.55339,0.88515,0.0006536,0.0006536,0.0006536
206,46216.8,0.53178,0.38581,0.87354,0.94372,0.83886,0.89535,0.74294,0.65182,0.54477,0.87122,0.000647,0.000647,0.000647
207,46336.6,0.55143,0.39372,0.87422,1,0.84247,0.89868,0.75613,0.65028,0.60881,0.8679,0.0006404,0.0006404,0.0006404
208,46816.4,0.55826,0.40273,0.87779,0.93456,0.85,0.89763,0.73562,0.7122,0.68177,0.88571,0.0006338,0.0006338,0.0006338
209,46898.5,0.52403,0.38869,0.86343,0.94408,0.85,0.89248,0.74335,0.68604,0.59661,0.88407,0.0006272,0.0006272,0.0006272
210,46979.1,0.50938,0.36112,0.85246,0.93261,0.85,0.89029,0.74421,0.69482,0.67461,0.88342,0.0006206,0.0006206,0.0006206
211,47377.1,0.49915,0.37184,0.85643,0.93417,0.85,0.87262,0.74302,0.71625,0.7867,0.88824,0.000614,0.000614,0.000614
212,47453.3,0.49368,0.38278,0.87341,0.93662,0.85,0.86758,0.72518,0.72086,0.75928,0.89049,0.0006074,0.0006074,0.0006074
213,47532.8,0.497,0.36546,0.85089,0.94012,0.85,0.89009,0.71536,0.76193,0.64494,0.90096,0.0006008,0.0006008,0.0006008
214,48003.8,0.51613,0.37411,0.88141,0.93854,0.9,0.89579,0.72135,0.7456,0.54092,0.89796,0.0005942,0.0005942,0.0005942
215,48082,0.49816,0.36752,0.85322,0.94241,0.9,0.89781,0.71611,0.71912,0.56452,0.89004,0.0005876,0.0005876,0.0005876
216,48159.4,0.52603,0.38436,0.88487,0.94723,0.89765,0.90541,0.72782,0.71122,0.52335,0.88346,0.000581,0.000581,0.000581
217,48685.4,0.55744,0.39253,0.88088,0.93599,0.9,0.91096,0.74927,0.75406,0.51165,0.88811,0.0005744,0.0005744,0.0005744
218,48759,0.56948,0.39971,0.90151,0.94018,0.85,0.91016,0.75185,0.73924,0.52406,0.88802,0.0005678,0.0005678,0.0005678
219,48834.8,0.50175,0.36405,0.85383,0.99097,0.85,0.90694,0.75879,0.73076,0.52187,0.88977,0.0005612,0.0005612,0.0005612
220,49350.4,0.52925,0.35753,0.87551,0.9908,0.85,0.89976,0.74003,0.71899,0.53397,0.88642,0.0005546,0.0005546,0.0005546
221,49430.4,0.49865,0.35468,0.84377,0.94089,0.85,0.89078,0.72154,0.70339,0.56386,0.87735,0.000548,0.000548,0.000548
222,49508.2,0.47753,0.34479,0.85795,0.94406,0.84419,0.87403,0.70931,0.70434,0.59181,0.88222,0.0005414,0.0005414,0.0005414
223,49995.2,0.48872,0.33804,0.84433,0.94418,0.84595,0.87568,0.72742,0.69543,0.70084,0.89047,0.0005348,0.0005348,0.0005348
224,50074.8,0.52676,0.37293,0.86777,0.94423,0.84668,0.87679,0.72313,0.71175,0.68336,0.88122,0.0005282,0.0005282,0.0005282
225,50157.2,0.53918,0.36462,0.87414,0.94426,0.84724,0.86611,0.73366,0.69704,0.65676,0.87113,0.0005216,0.0005216,0.0005216
226,50639.9,0.50057,0.36839,0.86341,0.88898,0.85,0.86605,0.73399,0.66455,0.66029,0.86659,0.000515,0.000515,0.000515
227,50718.8,0.50822,0.39297,0.8769,0.89075,0.85,0.86302,0.73718,0.62667,0.66388,0.86987,0.0005084,0.0005084,0.0005084
228,50796.8,0.48585,0.37097,0.82763,0.88809,0.85,0.85741,0.74577,0.64342,0.64541,0.86896,0.0005018,0.0005018,0.0005018
229,51223.8,0.52679,0.37613,0.87649,0.89384,0.84233,0.87179,0.72602,0.68674,0.59687,0.88302,0.0004952,0.0004952,0.0004952
230,51296,0.50567,0.33332,0.86456,0.85625,0.89375,0.89026,0.76612,0.63374,0.57989,0.88106,0.0004886,0.0004886,0.0004886
231,51370.5,0.48293,0.34537,0.83348,0.89894,0.9,0.8979,0.76764,0.60655,0.52063,0.87271,0.000482,0.000482,0.000482
232,51840,0.4804,0.32728,0.85677,0.89331,0.9,0.89794,0.759,0.62073,0.49458,0.87499,0.0004754,0.0004754,0.0004754
233,51922.5,0.44869,0.33601,0.83757,0.89149,0.9,0.90508,0.75095,0.63784,0.47919,0.87926,0.0004688,0.0004688,0.0004688
234,52003.3,0.47765,0.35317,0.86278,0.94083,0.9,0.91775,0.76782,0.6482,0.49882,0.8767,0.0004622,0.0004622,0.0004622
235,52493.6,0.47721,0.36459,0.8459,1,0.89414,0.92412,0.77962,0.63882,0.49963,0.87129,0.0004556,0.0004556,0.0004556
236,52567,0.49177,0.34232,0.85579,1,0.89734,0.92594,0.75733,0.65404,0.48916,0.87184,0.000449,0.000449,0.000449
237,52642,0.48212,0.3509,0.8447,0.93011,0.9,0.92651,0.7556,0.66881,0.48811,0.87082,0.0004424,0.0004424,0.0004424
238,53120.6,0.47558,0.33339,0.86072,0.94677,0.88968,0.92331,0.76929,0.66127,0.49218,0.86528,0.0004358,0.0004358,0.0004358
239,53210.7,0.48674,0.36004,0.8599,0.94688,0.89164,0.91013,0.74714,0.66938,0.48416,0.86757,0.0004292,0.0004292,0.0004292
240,53300.2,0.51843,0.38208,0.87236,0.94435,0.8486,0.90425,0.75782,0.65229,0.47587,0.87293,0.0004226,0.0004226,0.0004226
241,53843.5,0.45955,0.34358,0.84396,0.94427,0.84733,0.9035,0.75975,0.61007,0.45545,0.86653,0.000416,0.000416,0.000416
242,53917.2,0.43303,0.32904,0.83129,0.94435,0.84862,0.90213,0.76871,0.61486,0.459,0.8648,0.0004094,0.0004094,0.0004094
243,53993.9,0.48683,0.34254,0.86896,0.9393,0.85,0.89811,0.78444,0.61911,0.45629,0.86474,0.0004028,0.0004028,0.0004028
244,54466.2,0.4544,0.33015,0.84884,0.89967,0.89689,0.9015,0.77072,0.64383,0.47134,0.87261,0.0003962,0.0003962,0.0003962
245,54546.9,0.44635,0.33373,0.85805,0.89893,0.9,0.89731,0.74862,0.65737,0.5105,0.87644,0.0003896,0.0003896,0.0003896
246,54625.5,0.46541,0.33708,0.85894,0.89634,0.9,0.90056,0.76344,0.63614,0.51662,0.87216,0.000383,0.000383,0.000383
247,54737.5,0.42788,0.32511,0.87653,0.89979,0.9,0.89967,0.75805,0.62508,0.57807,0.87313,0.0003764,0.0003764,0.0003764
248,54854,0.45964,0.33832,0.86152,0.93875,0.85,0.89806,0.76956,0.60036,0.57332,0.86536,0.0003698,0.0003698,0.0003698
249,54966.3,0.4617,0.35984,0.85311,0.94094,0.85,0.89967,0.77325,0.60601,0.56678,0.86725,0.0003632,0.0003632,0.0003632
250,55054.4,0.45926,0.32172,0.82906,0.94705,0.89458,0.90145,0.75176,0.6486,0.51573,0.86548,0.0003566,0.0003566,0.0003566
251,55146.1,0.46358,0.35274,0.8295,0.94702,0.89408,0.9075,0.76319,0.67319,0.50103,0.8868,0.00035,0.00035,0.00035
252,55644.4,0.46811,0.33732,0.85169,0.94088,0.85,0.89952,0.74717,0.63171,0.47202,0.86929,0.0003434,0.0003434,0.0003434
253,55724.3,0.48575,0.35079,0.8525,0.93948,0.85,0.89773,0.75543,0.62466,0.48366,0.86522,0.0003368,0.0003368,0.0003368
254,55803.8,0.44842,0.32021,0.81395,0.93683,0.85,0.91088,0.77308,0.63489,0.49632,0.87264,0.0003302,0.0003302,0.0003302
255,55914.3,0.42956,0.33048,0.86975,0.93289,0.85,0.91016,0.75248,0.66313,0.52803,0.8862,0.0003236,0.0003236,0.0003236
256,56024.7,0.45527,0.33289,0.86185,0.93884,0.85,0.90894,0.74396,0.6745,0.56505,0.89627,0.000317,0.000317,0.000317
257,56150.1,0.44088,0.35378,0.8526,0.94433,0.84818,0.90838,0.74227,0.66134,0.53947,0.88112,0.0003104,0.0003104,0.0003104
258,56253.8,0.46496,0.33511,0.8288,0.93661,0.85,0.91341,0.75407,0.65201,0.5403,0.88252,0.0003038,0.0003038,0.0003038
259,56366.1,0.42766,0.34065,0.84331,0.92713,0.85,0.9121,0.76169,0.61801,0.5027,0.88416,0.0002972,0.0002972,0.0002972
260,56845.4,0.40882,0.32306,0.85952,0.8993,0.89335,0.91,0.75422,0.59386,0.50469,0.88538,0.0002906,0.0002906,0.0002906
261,57376.1,0.4227,0.31818,0.84254,0.8994,0.89434,0.91,0.76286,0.58701,0.51047,0.88547,0.000284,0.000284,0.000284
262,57452.5,0.43015,0.32926,0.86316,0.89946,0.89483,0.91556,0.75732,0.576,0.49104,0.87374,0.0002774,0.0002774,0.0002774
263,57532.5,0.43186,0.31133,0.87161,0.89942,0.89445,0.90801,0.74223,0.59553,0.48308,0.87171,0.0002708,0.0002708,0.0002708
264,57978.6,0.44035,0.34325,0.87476,0.89907,0.9,0.90983,0.75268,0.63046,0.47171,0.87511,0.0002642,0.0002642,0.0002642
265,58053,0.41869,0.31895,0.84262,0.8951,0.9,0.91082,0.76944,0.63827,0.47321,0.87608,0.0002576,0.0002576,0.0002576
266,58127.4,0.428,0.32628,0.8532,0.94421,0.9,0.91484,0.77013,0.62986,0.4789,0.87631,0.000251,0.000251,0.000251
267,58604.6,0.41443,0.32849,0.84125,0.93692,0.9,0.91598,0.7641,0.62453,0.47879,0.87657,0.0002444,0.0002444,0.0002444
268,58681.7,0.43485,0.31427,0.84747,0.93808,0.9,0.90958,0.77044,0.61308,0.48361,0.88082,0.0002378,0.0002378,0.0002378
269,58761.8,0.39721,0.31674,0.85074,0.9393,0.9,0.91072,0.76487,0.61531,0.48023,0.88699,0.0002312,0.0002312,0.0002312
270,59243.7,0.38141,0.29199,0.81889,0.94114,0.9,0.91325,0.77854,0.62974,0.49511,0.89228,0.0002246,0.0002246,0.0002246
271,59317.5,0.3863,0.29216,0.81812,0.94131,0.9,0.91729,0.7663,0.63602,0.48859,0.89332,0.000218,0.000218,0.000218
272,59391,0.41146,0.31423,0.83743,0.94118,0.9,0.91992,0.76588,0.64425,0.4909,0.89034,0.0002114,0.0002114,0.0002114
273,59786.1,0.42806,0.32387,0.83133,0.94127,0.9,0.91992,0.76037,0.63576,0.49651,0.88646,0.0002048,0.0002048,0.0002048
274,59874.3,0.40725,0.29719,0.81598,0.93678,0.9,0.91851,0.75267,0.61926,0.4987,0.87883,0.0001982,0.0001982,0.0001982
275,59952.9,0.40983,0.30596,0.83979,0.93166,0.9,0.91588,0.76115,0.60656,0.50457,0.87436,0.0001916,0.0001916,0.0001916
276,60459.5,0.42023,0.31209,0.82609,0.89739,0.9,0.90869,0.76105,0.59875,0.50687,0.87,0.000185,0.000185,0.000185
277,60534.2,0.41337,0.32022,0.84609,0.89967,0.89689,0.90443,0.74606,0.62586,0.52824,0.87097,0.0001784,0.0001784,0.0001784
278,60608.1,0.44148,0.32874,0.85566,0.89945,0.8948,0.90443,0.74735,0.6387,0.54625,0.87425,0.0001718,0.0001718,0.0001718
279,61031.4,0.40541,0.31122,0.87323,0.94335,0.83319,0.90213,0.76249,0.6161,0.54126,0.87351,0.0001652,0.0001652,0.0001652
280,61120.9,0.41077,0.30566,0.85583,0.9442,0.84619,0.90213,0.75981,0.60501,0.53441,0.87114,0.0001586,0.0001586,0.0001586
281,61213.3,0.40998,0.30288,0.82565,0.94128,0.85,0.90933,0.77907,0.61243,0.54223,0.87168,0.000152,0.000152,0.000152
282,61753.7,0.3872,0.29371,0.8351,0.93809,0.85,0.91088,0.7735,0.6096,0.52877,0.87215,0.0001454,0.0001454,0.0001454
283,61826.7,0.4007,0.30422,0.84913,0.89867,0.8874,0.91189,0.76849,0.6166,0.51849,0.87277,0.0001388,0.0001388,0.0001388
284,61899,0.39572,0.30301,0.82373,0.94709,0.89515,0.91484,0.75984,0.6204,0.51279,0.87743,0.0001322,0.0001322,0.0001322
285,62008.7,0.40677,0.30932,0.847,0.94273,0.9,0.91484,0.77881,0.62117,0.50306,0.88045,0.0001256,0.0001256,0.0001256
286,62117.6,0.37603,0.28731,0.83748,0.94041,0.9,0.91484,0.78924,0.60795,0.50002,0.88064,0.000119,0.000119,0.000119
287,62243.3,0.38056,0.2912,0.85803,0.94007,0.9,0.91484,0.77395,0.60309,0.47209,0.87809,0.0001124,0.0001124,0.0001124
288,62347.4,0.41901,0.30979,0.83316,0.93909,0.9,0.91184,0.77555,0.60208,0.46711,0.87829,0.0001058,0.0001058,0.0001058
289,62462.4,0.34872,0.2675,0.81124,0.93945,0.9,0.91641,0.78606,0.60189,0.4658,0.87784,9.92e-05,9.92e-05,9.92e-05
290,62584.1,0.36402,0.27549,0.83719,0.94312,0.9,0.92246,0.79973,0.60305,0.45419,0.87636,9.26e-05,9.26e-05,9.26e-05
291,62700.5,0.35163,0.2617,0.76605,0.89432,0.9,0.91425,0.78468,0.58978,0.4742,0.87294,8.6e-05,8.6e-05,8.6e-05
292,62764.4,0.35545,0.28395,0.80897,0.89953,0.9,0.91303,0.76698,0.5859,0.48005,0.86654,7.94e-05,7.94e-05,7.94e-05
293,62831,0.35115,0.2679,0.79672,0.89966,0.89675,0.90983,0.7723,0.57334,0.476,0.86292,7.28e-05,7.28e-05,7.28e-05
294,62935.5,0.34766,0.26593,0.81653,0.89954,0.89561,0.91082,0.77839,0.56986,0.47457,0.8601,6.62e-05,6.62e-05,6.62e-05
295,63049,0.3711,0.2772,0.83618,0.89951,0.89534,0.91189,0.78609,0.563,0.48386,0.85786,5.96e-05,5.96e-05,5.96e-05
296,63164.9,0.33233,0.26452,0.79122,0.89952,0.89548,0.91082,0.78402,0.56238,0.4959,0.8591,5.3e-05,5.3e-05,5.3e-05
297,63274.8,0.31559,0.24592,0.80586,0.89955,0.89575,0.90983,0.77292,0.57022,0.48502,0.8591,4.64e-05,4.64e-05,4.64e-05
298,63384.6,0.34169,0.26024,0.78979,0.89958,0.89598,0.90911,0.78514,0.5712,0.48695,0.85943,3.98e-05,3.98e-05,3.98e-05
299,63502,0.34621,0.2695,0.8042,0.8996,0.89616,0.90805,0.78975,0.5782,0.484,0.85979,3.32e-05,3.32e-05,3.32e-05
300,63605.7,0.32375,0.26273,0.79424,0.89962,0.89642,0.90805,0.79307,0.57669,0.48213,0.85945,2.66e-05,2.66e-05,2.66e-05
